{
  "typeName": "AWS::GreengrassV2::Deployment",
  "description": "Resource for Greengrass V2 deployment.",
  "definitions": {
    "ComponentDeploymentSpecification": {
      "type": "object",
      "properties": {
        "ComponentVersion": {
          "type": "string",
          "minLength": 1,
          "maxLength": 128
        },
        "ComponentConfigurationUpdate": {
          "$ref": "#/definitions/ComponentConfigurationUpdate"
        },
        "RunWith": {
          "$ref": "#/definitions/ComponentRunWith"
        }
      },
      "additionalProperties": false
    },
    "ComponentRunWith": {
      "type": "object",
      "properties": {
        "PosixUser": {
          "type": "string",
          "minLength": 1
        }
      },
      "additionalProperties": false
    },
    "ComponentConfigurationUpdate": {
      "type": "object",
      "properties": {
        "Merge": {
          "type": "string",
          "minLength": 1,
          "maxLength": 65535
        },
        "Reset": {
          "type": "array",
          "items": {
            "type": "string",
            "minLength": 1,
            "maxLength": 256
          },
          "insertionOrder": true
        }
      },
      "additionalProperties": false
    },
    "DeploymentIoTJobConfiguration": {
      "type": "object",
      "properties": {
        "IoTJobExecutionsRolloutConfig": {
          "$ref": "#/definitions/IoTJobExecutionsRolloutConfig"
        },
        "AbortConfig": {
          "$ref": "#/definitions/IoTJobAbortConfig"
        },
        "TimeoutConfig": {
          "$ref": "#/definitions/IoTJobTimeoutConfig"
        }
      },
      "additionalProperties": false
    },
    "IoTJobExecutionsRolloutConfig": {
      "type": "object",
      "properties": {
        "ExponentialRate": {
          "$ref": "#/definitions/IoTJobExponentialRolloutRate"
        },
        "MaximumPerMinute": {
          "type": "integer",
          "minimum": 1,
          "maximum": 1000
        }
      },
      "additionalProperties": false
    },
    "IoTJobAbortConfig": {
      "type": "object",
      "properties": {
        "IoTJobAbortCriteriaList": {
          "type": "array",
          "items": {
            "$ref": "#/definitions/IoTJobAbortCriteria"
          },
          "minItems": 1,
          "insertionOrder": true
        }
      },
      "required": [
        "IoTJobAbortCriteriaList"
      ],
      "additionalProperties": false
    },
    "IoTJobAbortCriteria": {
      "type": "object",
      "properties": {
        "FailureType": {
          "type": "string",
          "enum": [
            "FAILED",
            "REJECTED",
            "TIMED_OUT",
            "ALL"
          ]
        },
        "Action": {
          "type": "string",
          "enum": [
            "CANCEL"
          ]
        },
        "ThresholdPercentage": {
          "type": "number",
          "minimum": 0,
          "maximum": 100
        },
        "MinNumberOfExecutedThings": {
          "type": "integer",
          "minimum": 1,
          "maximum": 2147483647
        }
      },
      "required": [
        "FailureType",
        "Action",
        "ThresholdPercentage",
        "MinNumberOfExecutedThings"
      ],
      "additionalProperties": false
    },
    "IoTJobTimeoutConfig": {
      "type": "object",
      "properties": {
        "InProgressTimeoutInMinutes": {
          "type": "integer",
          "minimum": 0,
          "maximum": 2147483647
        }
      },
      "additionalProperties": false
    },
    "IoTJobExponentialRolloutRate": {
      "type": "object",
      "properties": {
        "BaseRatePerMinute": {
          "type": "integer",
          "minimum": 1,
          "maximum": 1000
        },
        "IncrementFactor": {
          "type": "number",
          "minimum": 1,
          "maximum": 5
        },
        "RateIncreaseCriteria": {
          "$ref": "#/definitions/IoTJobRateIncreaseCriteria"
        }
      },
      "required": [
        "BaseRatePerMinute",
        "IncrementFactor",
        "RateIncreaseCriteria"
      ],
      "additionalProperties": false
    },
    "IoTJobRateIncreaseCriteria": {
      "type": "object",
      "properties": {
        "NumberOfNotifiedThings": {
          "$ref": "#/definitions/NumberOfThings"
        },
        "NumberOfSucceededThings": {
          "$ref": "#/definitions/NumberOfThings"
        }
      },
      "additionalProperties": false
    },
    "NumberOfThings": {
      "type": "integer",
      "minimum": 1,
      "maximum": 2147483647
    },
    "DeploymentPolicies": {
      "type": "object",
      "properties": {
        "FailureHandlingPolicy": {
          "type": "string",
          "enum": [
            "ROLLBACK",
            "DO_NOTHING"
          ]
        },
        "ComponentUpdatePolicy": {
          "$ref": "#/definitions/DeploymentComponentUpdatePolicy"
        },
        "ConfigurationValidationPolicy": {
          "$ref": "#/definitions/DeploymentConfigurationValidationPolicy"
        }
      },
      "additionalProperties": false
    },
    "DeploymentComponentUpdatePolicy": {
      "type": "object",
      "properties": {
        "TimeoutInSeconds": {
          "type": "integer",
          "minimum": 1,
          "maximum": 2147483647
        },
        "Action": {
          "type": "string",
          "enum": [
            "NOTIFY_COMPONENTS",
            "SKIP_NOTIFY_COMPONENTS"
          ]
        }
      },
      "additionalProperties": false
    },
    "DeploymentConfigurationValidationPolicy": {
      "type": "object",
      "properties": {
        "TimeoutInSeconds": {
          "type": "integer",
          "minimum": 1,
          "maximum": 2147483647
        }
      },
      "additionalProperties": false
    }
  },
  "properties": {
    "TargetArn": {
      "type": "string",
      "pattern": "arn:[^:]*:iot:[^:]*:[0-9]+:(thing|thinggroup)/.+"
    },
    "DeploymentId": {
      "type": "string",
      "pattern": ".+"
    },
    "DeploymentName": {
      "type": "string",
      "minLength": 1,
      "maxLength": 128
    },
    "Components": {
      "type": "object",
      "patternProperties": {
        ".+": {
          "$ref": "#/definitions/ComponentDeploymentSpecification"
        }
      },
      "additionalProperties": false
    },
    "IotJobConfiguration": {
      "$ref": "#/definitions/DeploymentIoTJobConfiguration"
    },
    "DeploymentPolicies": {
      "$ref": "#/definitions/DeploymentPolicies"
    },
    "Tags": {
      "type": "object",
      "patternProperties": {
        ".*": {
          "type": "string",
          "maxLength": 256
        }
      },
      "maxProperties": 200,
      "additionalProperties": false
    }
  },
  "required": [
    "TargetArn",
    "DeploymentName"
  ],
  "primaryIdentifier": [
    "/properties/DeploymentId"
  ],
  "additionalProperties": false,
  "readOnlyProperties": [
    "/properties/DeploymentId"
  ],
  "createOnlyProperties": [
    "/properties/TargetArn",
    "/properties/DeploymentName",
    "/properties/Components",
    "/properties/IotJobConfiguration",
    "/properties/DeploymentPolicies"
  ],
  "handlers": {
    "create": {
      "permissions": [
        "greengrass:CreateDeployment",
        "greengrass:GetDeployment",
        "iot:CancelJob",
        "iot:CreateJob",
        "iot:DeleteThingShadow",
        "iot:DescribeJob",
        "iot:DescribeThing",
        "iot:DescribeThingGroup",
        "iot:GetThingShadow",
        "iot:UpdateJob",
        "iot:UpdateThingShadow"
      ]
    },
    "read": {
      "permissions": [
        "greengrass:GetDeployment",
        "iot:DescribeJob",
        "iot:DescribeThing",
        "iot:DescribeThingGroup",
        "iot:GetThingShadow"
      ]
    },
    "update": {
      "permissions": [
        "greengrass:TagResource",
        "greengrass:UntagResource"
      ]
    },
    "delete": {
      "permissions": [
        "greengrass:DeleteDeployment",
        "iot:DeleteJob"
      ]
    },
    "list": {
      "permissions": [
        "greengrass:ListDeployments",
        "iot:DescribeJob",
        "iot:DescribeThing",
        "iot:DescribeThingGroup",
        "iot:GetThingShadow"
      ]
    }
  },
  "tagging": {
    "taggable": true,
    "tagOnCreate": true,
    "tagUpdatable": true,
    "cloudFormationSystemTags": true,
    "tagProperty": "/properties/Tags"
  }
}
